{
  "pages": [
    {
      "id": "RgqK4Vs",
      "grid": {
        "tiles": []
      },
      "showTitle": false
    }
  ],
  "owner": "admin",
  "listed": false,
  "name": "rAIse\u0027s default dashboard",
  "showGrid": true,
  "versionTag": {
    "versionNumber": 1,
    "lastModifiedBy": {
      "login": "admin"
    },
    "lastModifiedOn": 1595233592839
  },
  "creationTag": {
    "versionNumber": 0,
    "lastModifiedBy": {
      "login": "admin"
    },
    "lastModifiedOn": 1594037907840
  },
  "tags": [],
  "customFields": {},
  "checklists": {
    "checklists": []
  }
}