{
  "dashboardAuthorizations": {
    "allAuthorized": false,
    "authorizations": []
  },
  "exposedObjects": {
    "objects": []
  },
  "projectType": "REGULAR",
  "owner": "admin",
  "permissions": [],
  "additionalDashboardUsers": {
    "users": []
  },
  "tutorialProject": false,
  "settings": {
    "flowAnchorSourcesAndSinks": true,
    "gitCommitMode": "AUTO",
    "disableAutomaticTriggers": false,
    "integrations": {
      "integrations": []
    },
    "flowBuildSettings": {
      "mergeSparkPipelines": false,
      "pruneBeforeSparkPipelines": true,
      "mergeSqlPipelines": false,
      "pruneBeforeSqlPipelines": true
    },
    "limitsSettings": {
      "memSampleBytes": {
        "soft": -1,
        "hard": -1
      },
      "shakerMemTableBytes": {
        "soft": -1,
        "hard": -1
      },
      "attachmentBytes": {
        "soft": -1,
        "hard": -1
      }
    },
    "relocationSettings": {
      "sqlLikeRecipesInitializationMode": "RESOLVED_TABLE_REFERENCES"
    },
    "recipeEnginesPreferences": {
      "forbiddenEngines": [],
      "enginesPreferenceOrder": [],
      "forbiddenByRecipeType": {},
      "preferenceByRecipeType": {}
    },
    "codeEnvs": {
      "python": {
        "useBuiltinEnv": false,
        "preventOverride": false,
        "envName": "raise_env"
      },
      "r": {
        "useBuiltinEnv": true,
        "preventOverride": false
      }
    },
    "container": {
      "containerMode": "NONE"
    },
    "datasetsCreationSettings": {
      "useGlobal": true,
      "preferedStorageFormats": "CSV_ESCAPING_NOGZIP_FORHIVE,CSV_EXCEL_GZIP,PARQUET_HIVE",
      "virtualizable": false,
      "allowUploadsWithoutConnection": true
    },
    "hiveEngineCreationSettings": {
      "useGlobal": true,
      "executionEngine": "HIVECLI_LOCAL"
    },
    "sparkEngineCreationSettings": {
      "useGlobal": true,
      "executionEngine": "SPARK_SUBMIT",
      "useGlobalMetastore": false
    },
    "impalaEngineCreationSettings": {
      "useGlobal": true,
      "streamMode": true
    },
    "wikiSettings": {
      "promoted": false
    },
    "cluster": {
      "clusterMode": "INHERIT"
    },
    "k8sCluster": {
      "clusterMode": "INHERIT"
    },
    "virtualWebAppBackendSettings": {
      "mode": "INHERIT",
      "preventOverride": false,
      "infra": {
        "containerSelection": {
          "containerMode": "INHERIT"
        },
        "overrideGlobalK8sExposition": false,
        "exposition": {
          "type": "local_process",
          "params": {}
        },
        "scaling": {
          "initialReplicas": 1,
          "hpa": false,
          "hpaTargetCPUPercent": 0,
          "hpaMinPods": 0,
          "hpaMaxPods": 0
        }
      }
    }
  },
  "name": "rAIse",
  "imgColor": "#699e3f",
  "imgPattern": 5,
  "showInitials": false,
  "metrics": {
    "probes": [],
    "engineConfig": {
      "padRunsWithMetrics": false,
      "hive": {
        "active": true,
        "extraConf": []
      },
      "basic": {},
      "dss": {
        "active": true,
        "selection": {
          "useMemTable": false,
          "filter": {
            "distinct": false,
            "enabled": false
          },
          "partitionSelectionMethod": "ALL",
          "latestPartitionsN": 1,
          "ordering": {
            "enabled": false,
            "rules": []
          },
          "samplingMethod": "FULL",
          "maxRecords": -1,
          "targetRatio": 0.02,
          "withinFirstN": -1,
          "maxReadUncompressedBytes": -1
        }
      },
      "sql": {
        "active": true
      },
      "impala": {
        "active": true
      },
      "spark": {
        "active": true,
        "extraConf": []
      },
      "python": {}
    },
    "displayedState": {
      "columns": [],
      "metrics": []
    }
  },
  "metricsChecks": {
    "runOnBuild": false,
    "checks": [],
    "displayedState": {
      "checks": []
    }
  },
  "versionTag": {
    "versionNumber": 39,
    "lastModifiedBy": {
      "login": "admin"
    },
    "lastModifiedOn": 1595319239416
  },
  "creationTag": {
    "versionNumber": 0,
    "lastModifiedBy": {
      "login": "admin"
    },
    "lastModifiedOn": 1594037907767
  },
  "description": "# rAIse integration\n\nThis project is an example of rAIse integration (image classification with MNIST dataset). It can be used via the flow or the integrated Jupyter Notebook. \n\n## Usage\n\n1. Create a project on rAIse.\n\n2. Dowload the connector of the project in rAIse, and put the unzipped folder into the *lib/python* subdirectory of the [DSS data directory](https://doc.dataiku.com/dss/latest/operations/datadir.html).\n\n3. Create a custom [code environment](https://doc.dataiku.com/dss/latest/code-envs/index.html) in Dataiku to meet the connector requirements (**requirements.txt** file).\n\n4. Choose whether you want to use the example [notebook](jupyter_notebook:MNIST) or  flow.\n\n### Jupyter Notebook\n\nMake the changes needed, regarding data preprocessing,  champion processing or the `Trainer` object.\n\n### Flow\n\nThe [compute_project_status](recipe:compute_project_status) Python recipe is doing the model optimization in rAIse. The other elements of the flow can be changed, except this one.\nAdditionnally, a Python script  **trainer_model.py**  is included in the *Library Editor*. Adapt it to your project.\n\n## Remarks (`Trainer` object)\n\nTo adapt the `Trainer` object to your project, change the content of the functions `train_func` and `evaluate_func`, with the following rules.\n\n`train_func`\n- The definition of the function  **must be** `def train_func(model)`.\n- The function must return 2 values: a  **training score value**  and a  **test score value** , each between 0 and 1.\n\n`evaluate_func`\n- The definition of the function  **must be** `def evaluate_func(model)`.\n- The function must return an  **evaluation score value**  between 0 and 1.\n \n## Warning\n \nThe Python versions supported by Dataiku can\u0027t meet the requirements of rAIse (need Python 3.7), so your project might not work.",
  "shortDesc": "The project *rAIse* was created by Christelle Chappuy on Jul 06th 2020",
  "tags": [],
  "customFields": {},
  "checklists": {
    "checklists": []
  }
}