{
  "type": "Filesystem",
  "managed": true,
  "formatType": "csv",
  "checklists": {
    "checklists": []
  },
  "checks": [],
  "customMeta": {
    "kv": {}
  },
  "flowOptions": {
    "virtualizable": false,
    "rebuildBehavior": "NORMAL",
    "crossProjectBuildBehavior": "DEFAULT"
  },
  "readWriteOptions": {
    "preserveOrder": false,
    "writeBuckets": 1,
    "forceSingleOutputFile": false,
    "defaultReadOrdering": {
      "enabled": false,
      "rules": []
    }
  },
  "formatParams": {
    "style": "unix",
    "charset": "utf8",
    "separator": "\t",
    "quoteChar": "\"",
    "escapeChar": "\\",
    "dateSerializationFormat": "ISO",
    "arrayMapFormat": "json",
    "hiveSeparators": [
      "\u0002",
      "\u0003",
      "\u0004",
      "\u0005",
      "\u0006",
      "\u0007",
      "\b"
    ],
    "skipRowsBeforeHeader": 0,
    "parseHeaderRow": false,
    "skipRowsAfterHeader": 0,
    "probableNumberOfRecords": 0,
    "normalizeBooleans": false,
    "normalizeDoubles": true,
    "readAdditionalColumnsBehavior": "INSERT_IN_DATA_WARNING",
    "readMissingColumnsBehavior": "DISCARD_SILENT",
    "readDataTypeMismatchBehavior": "DISCARD_WARNING",
    "writeDataTypeMismatchBehavior": "DISCARD_WARNING",
    "fileReadFailureBehavior": "FAIL",
    "compress": "gz"
  },
  "partitioning": {
    "ignoreNonMatchingFile": false,
    "considerMissingRequestedPartitionsAsEmpty": false,
    "dimensions": []
  },
  "versionTag": {
    "versionNumber": 3,
    "lastModifiedBy": {
      "login": "admin"
    },
    "lastModifiedOn": 1594816356189
  },
  "creationTag": {
    "versionNumber": 0,
    "lastModifiedBy": {
      "login": "admin"
    },
    "lastModifiedOn": 1594631082431
  },
  "tags": [],
  "params": {
    "connection": "filesystem_managed",
    "path": "${projectKey}/mnist_normalised",
    "notReadyIfEmpty": false,
    "filesSelectionRules": {
      "mode": "ALL",
      "excludeRules": [],
      "includeRules": [],
      "explicitFiles": []
    }
  },
  "schema": {
    "columns": [
      {
        "name": "col_0",
        "type": "double"
      },
      {
        "name": "col_1",
        "type": "double"
      },
      {
        "name": "col_2",
        "type": "double"
      },
      {
        "name": "col_3",
        "type": "double"
      },
      {
        "name": "col_4",
        "type": "double"
      },
      {
        "name": "col_5",
        "type": "double"
      },
      {
        "name": "col_6",
        "type": "double"
      },
      {
        "name": "col_7",
        "type": "double"
      },
      {
        "name": "col_8",
        "type": "double"
      },
      {
        "name": "col_9",
        "type": "double"
      },
      {
        "name": "col_10",
        "type": "double"
      },
      {
        "name": "col_11",
        "type": "double"
      },
      {
        "name": "col_12",
        "type": "double"
      },
      {
        "name": "col_13",
        "type": "double"
      },
      {
        "name": "col_14",
        "type": "double"
      },
      {
        "name": "col_15",
        "type": "double"
      },
      {
        "name": "col_16",
        "type": "double"
      },
      {
        "name": "col_17",
        "type": "double"
      },
      {
        "name": "col_18",
        "type": "double"
      },
      {
        "name": "col_19",
        "type": "double"
      },
      {
        "name": "col_20",
        "type": "double"
      },
      {
        "name": "col_21",
        "type": "double"
      },
      {
        "name": "col_22",
        "type": "double"
      },
      {
        "name": "col_23",
        "type": "double"
      },
      {
        "name": "col_24",
        "type": "double"
      },
      {
        "name": "col_25",
        "type": "double"
      },
      {
        "name": "col_26",
        "type": "double"
      },
      {
        "name": "col_27",
        "type": "double"
      },
      {
        "name": "col_28",
        "type": "double"
      },
      {
        "name": "col_29",
        "type": "double"
      },
      {
        "name": "col_30",
        "type": "double"
      },
      {
        "name": "col_31",
        "type": "double"
      },
      {
        "name": "col_32",
        "type": "double"
      },
      {
        "name": "col_33",
        "type": "double"
      },
      {
        "name": "col_34",
        "type": "double"
      },
      {
        "name": "col_35",
        "type": "double"
      },
      {
        "name": "col_36",
        "type": "double"
      },
      {
        "name": "col_37",
        "type": "double"
      },
      {
        "name": "col_38",
        "type": "double"
      },
      {
        "name": "col_39",
        "type": "double"
      },
      {
        "name": "col_40",
        "type": "double"
      },
      {
        "name": "col_41",
        "type": "double"
      },
      {
        "name": "col_42",
        "type": "double"
      },
      {
        "name": "col_43",
        "type": "double"
      },
      {
        "name": "col_44",
        "type": "double"
      },
      {
        "name": "col_45",
        "type": "double"
      },
      {
        "name": "col_46",
        "type": "double"
      },
      {
        "name": "col_47",
        "type": "double"
      },
      {
        "name": "col_48",
        "type": "double"
      },
      {
        "name": "col_49",
        "type": "double"
      },
      {
        "name": "col_50",
        "type": "double"
      },
      {
        "name": "col_51",
        "type": "double"
      },
      {
        "name": "col_52",
        "type": "double"
      },
      {
        "name": "col_53",
        "type": "double"
      },
      {
        "name": "col_54",
        "type": "double"
      },
      {
        "name": "col_55",
        "type": "double"
      },
      {
        "name": "col_56",
        "type": "double"
      },
      {
        "name": "col_57",
        "type": "double"
      },
      {
        "name": "col_58",
        "type": "double"
      },
      {
        "name": "col_59",
        "type": "double"
      },
      {
        "name": "col_60",
        "type": "double"
      },
      {
        "name": "col_61",
        "type": "double"
      },
      {
        "name": "col_62",
        "type": "double"
      },
      {
        "name": "col_63",
        "type": "double"
      },
      {
        "name": "col_64",
        "type": "double"
      },
      {
        "name": "col_65",
        "type": "double"
      },
      {
        "name": "col_66",
        "type": "double"
      },
      {
        "name": "col_67",
        "type": "double"
      },
      {
        "name": "col_68",
        "type": "double"
      },
      {
        "name": "col_69",
        "type": "double"
      },
      {
        "name": "col_70",
        "type": "double"
      },
      {
        "name": "col_71",
        "type": "double"
      },
      {
        "name": "col_72",
        "type": "double"
      },
      {
        "name": "col_73",
        "type": "double"
      },
      {
        "name": "col_74",
        "type": "double"
      },
      {
        "name": "col_75",
        "type": "double"
      },
      {
        "name": "col_76",
        "type": "double"
      },
      {
        "name": "col_77",
        "type": "double"
      },
      {
        "name": "col_78",
        "type": "double"
      },
      {
        "name": "col_79",
        "type": "double"
      },
      {
        "name": "col_80",
        "type": "double"
      },
      {
        "name": "col_81",
        "type": "double"
      },
      {
        "name": "col_82",
        "type": "double"
      },
      {
        "name": "col_83",
        "type": "double"
      },
      {
        "name": "col_84",
        "type": "double"
      },
      {
        "name": "col_85",
        "type": "double"
      },
      {
        "name": "col_86",
        "type": "double"
      },
      {
        "name": "col_87",
        "type": "double"
      },
      {
        "name": "col_88",
        "type": "double"
      },
      {
        "name": "col_89",
        "type": "double"
      },
      {
        "name": "col_90",
        "type": "double"
      },
      {
        "name": "col_91",
        "type": "double"
      },
      {
        "name": "col_92",
        "type": "double"
      },
      {
        "name": "col_93",
        "type": "double"
      },
      {
        "name": "col_94",
        "type": "double"
      },
      {
        "name": "col_95",
        "type": "double"
      },
      {
        "name": "col_96",
        "type": "double"
      },
      {
        "name": "col_97",
        "type": "double"
      },
      {
        "name": "col_98",
        "type": "double"
      },
      {
        "name": "col_99",
        "type": "double"
      },
      {
        "name": "col_100",
        "type": "double"
      },
      {
        "name": "col_101",
        "type": "double"
      },
      {
        "name": "col_102",
        "type": "double"
      },
      {
        "name": "col_103",
        "type": "double"
      },
      {
        "name": "col_104",
        "type": "double"
      },
      {
        "name": "col_105",
        "type": "double"
      },
      {
        "name": "col_106",
        "type": "double"
      },
      {
        "name": "col_107",
        "type": "double"
      },
      {
        "name": "col_108",
        "type": "double"
      },
      {
        "name": "col_109",
        "type": "double"
      },
      {
        "name": "col_110",
        "type": "double"
      },
      {
        "name": "col_111",
        "type": "double"
      },
      {
        "name": "col_112",
        "type": "double"
      },
      {
        "name": "col_113",
        "type": "double"
      },
      {
        "name": "col_114",
        "type": "double"
      },
      {
        "name": "col_115",
        "type": "double"
      },
      {
        "name": "col_116",
        "type": "double"
      },
      {
        "name": "col_117",
        "type": "double"
      },
      {
        "name": "col_118",
        "type": "double"
      },
      {
        "name": "col_119",
        "type": "double"
      },
      {
        "name": "col_120",
        "type": "double"
      },
      {
        "name": "col_121",
        "type": "double"
      },
      {
        "name": "col_122",
        "type": "double"
      },
      {
        "name": "col_123",
        "type": "double"
      },
      {
        "name": "col_124",
        "type": "double"
      },
      {
        "name": "col_125",
        "type": "double"
      },
      {
        "name": "col_126",
        "type": "double"
      },
      {
        "name": "col_127",
        "type": "double"
      },
      {
        "name": "col_128",
        "type": "double"
      },
      {
        "name": "col_129",
        "type": "double"
      },
      {
        "name": "col_130",
        "type": "double"
      },
      {
        "name": "col_131",
        "type": "double"
      },
      {
        "name": "col_132",
        "type": "double"
      },
      {
        "name": "col_133",
        "type": "double"
      },
      {
        "name": "col_134",
        "type": "double"
      },
      {
        "name": "col_135",
        "type": "double"
      },
      {
        "name": "col_136",
        "type": "double"
      },
      {
        "name": "col_137",
        "type": "double"
      },
      {
        "name": "col_138",
        "type": "double"
      },
      {
        "name": "col_139",
        "type": "double"
      },
      {
        "name": "col_140",
        "type": "double"
      },
      {
        "name": "col_141",
        "type": "double"
      },
      {
        "name": "col_142",
        "type": "double"
      },
      {
        "name": "col_143",
        "type": "double"
      },
      {
        "name": "col_144",
        "type": "double"
      },
      {
        "name": "col_145",
        "type": "double"
      },
      {
        "name": "col_146",
        "type": "double"
      },
      {
        "name": "col_147",
        "type": "double"
      },
      {
        "name": "col_148",
        "type": "double"
      },
      {
        "name": "col_149",
        "type": "double"
      },
      {
        "name": "col_150",
        "type": "double"
      },
      {
        "name": "col_151",
        "type": "double"
      },
      {
        "name": "col_152",
        "type": "double"
      },
      {
        "name": "col_153",
        "type": "double"
      },
      {
        "name": "col_154",
        "type": "double"
      },
      {
        "name": "col_155",
        "type": "double"
      },
      {
        "name": "col_156",
        "type": "double"
      },
      {
        "name": "col_157",
        "type": "double"
      },
      {
        "name": "col_158",
        "type": "double"
      },
      {
        "name": "col_159",
        "type": "double"
      },
      {
        "name": "col_160",
        "type": "double"
      },
      {
        "name": "col_161",
        "type": "double"
      },
      {
        "name": "col_162",
        "type": "double"
      },
      {
        "name": "col_163",
        "type": "double"
      },
      {
        "name": "col_164",
        "type": "double"
      },
      {
        "name": "col_165",
        "type": "double"
      },
      {
        "name": "col_166",
        "type": "double"
      },
      {
        "name": "col_167",
        "type": "double"
      },
      {
        "name": "col_168",
        "type": "double"
      },
      {
        "name": "col_169",
        "type": "double"
      },
      {
        "name": "col_170",
        "type": "double"
      },
      {
        "name": "col_171",
        "type": "double"
      },
      {
        "name": "col_172",
        "type": "double"
      },
      {
        "name": "col_173",
        "type": "double"
      },
      {
        "name": "col_174",
        "type": "double"
      },
      {
        "name": "col_175",
        "type": "double"
      },
      {
        "name": "col_176",
        "type": "double"
      },
      {
        "name": "col_177",
        "type": "double"
      },
      {
        "name": "col_178",
        "type": "double"
      },
      {
        "name": "col_179",
        "type": "double"
      },
      {
        "name": "col_180",
        "type": "double"
      },
      {
        "name": "col_181",
        "type": "double"
      },
      {
        "name": "col_182",
        "type": "double"
      },
      {
        "name": "col_183",
        "type": "double"
      },
      {
        "name": "col_184",
        "type": "double"
      },
      {
        "name": "col_185",
        "type": "double"
      },
      {
        "name": "col_186",
        "type": "double"
      },
      {
        "name": "col_187",
        "type": "double"
      },
      {
        "name": "col_188",
        "type": "double"
      },
      {
        "name": "col_189",
        "type": "double"
      },
      {
        "name": "col_190",
        "type": "double"
      },
      {
        "name": "col_191",
        "type": "double"
      },
      {
        "name": "col_192",
        "type": "double"
      },
      {
        "name": "col_193",
        "type": "double"
      },
      {
        "name": "col_194",
        "type": "double"
      },
      {
        "name": "col_195",
        "type": "double"
      },
      {
        "name": "col_196",
        "type": "double"
      },
      {
        "name": "col_197",
        "type": "double"
      },
      {
        "name": "col_198",
        "type": "double"
      },
      {
        "name": "col_199",
        "type": "double"
      },
      {
        "name": "col_200",
        "type": "double"
      },
      {
        "name": "col_201",
        "type": "double"
      },
      {
        "name": "col_202",
        "type": "double"
      },
      {
        "name": "col_203",
        "type": "double"
      },
      {
        "name": "col_204",
        "type": "double"
      },
      {
        "name": "col_205",
        "type": "double"
      },
      {
        "name": "col_206",
        "type": "double"
      },
      {
        "name": "col_207",
        "type": "double"
      },
      {
        "name": "col_208",
        "type": "double"
      },
      {
        "name": "col_209",
        "type": "double"
      },
      {
        "name": "col_210",
        "type": "double"
      },
      {
        "name": "col_211",
        "type": "double"
      },
      {
        "name": "col_212",
        "type": "double"
      },
      {
        "name": "col_213",
        "type": "double"
      },
      {
        "name": "col_214",
        "type": "double"
      },
      {
        "name": "col_215",
        "type": "double"
      },
      {
        "name": "col_216",
        "type": "double"
      },
      {
        "name": "col_217",
        "type": "double"
      },
      {
        "name": "col_218",
        "type": "double"
      },
      {
        "name": "col_219",
        "type": "double"
      },
      {
        "name": "col_220",
        "type": "double"
      },
      {
        "name": "col_221",
        "type": "double"
      },
      {
        "name": "col_222",
        "type": "double"
      },
      {
        "name": "col_223",
        "type": "double"
      },
      {
        "name": "col_224",
        "type": "double"
      },
      {
        "name": "col_225",
        "type": "double"
      },
      {
        "name": "col_226",
        "type": "double"
      },
      {
        "name": "col_227",
        "type": "double"
      },
      {
        "name": "col_228",
        "type": "double"
      },
      {
        "name": "col_229",
        "type": "double"
      },
      {
        "name": "col_230",
        "type": "double"
      },
      {
        "name": "col_231",
        "type": "double"
      },
      {
        "name": "col_232",
        "type": "double"
      },
      {
        "name": "col_233",
        "type": "double"
      },
      {
        "name": "col_234",
        "type": "double"
      },
      {
        "name": "col_235",
        "type": "double"
      },
      {
        "name": "col_236",
        "type": "double"
      },
      {
        "name": "col_237",
        "type": "double"
      },
      {
        "name": "col_238",
        "type": "double"
      },
      {
        "name": "col_239",
        "type": "double"
      },
      {
        "name": "col_240",
        "type": "double"
      },
      {
        "name": "col_241",
        "type": "double"
      },
      {
        "name": "col_242",
        "type": "double"
      },
      {
        "name": "col_243",
        "type": "double"
      },
      {
        "name": "col_244",
        "type": "double"
      },
      {
        "name": "col_245",
        "type": "double"
      },
      {
        "name": "col_246",
        "type": "double"
      },
      {
        "name": "col_247",
        "type": "double"
      },
      {
        "name": "col_248",
        "type": "double"
      },
      {
        "name": "col_249",
        "type": "double"
      },
      {
        "name": "col_250",
        "type": "double"
      },
      {
        "name": "col_251",
        "type": "double"
      },
      {
        "name": "col_252",
        "type": "double"
      },
      {
        "name": "col_253",
        "type": "double"
      },
      {
        "name": "col_254",
        "type": "double"
      },
      {
        "name": "col_255",
        "type": "double"
      },
      {
        "name": "col_256",
        "type": "double"
      },
      {
        "name": "col_257",
        "type": "double"
      },
      {
        "name": "col_258",
        "type": "double"
      },
      {
        "name": "col_259",
        "type": "double"
      },
      {
        "name": "col_260",
        "type": "double"
      },
      {
        "name": "col_261",
        "type": "double"
      },
      {
        "name": "col_262",
        "type": "double"
      },
      {
        "name": "col_263",
        "type": "double"
      },
      {
        "name": "col_264",
        "type": "double"
      },
      {
        "name": "col_265",
        "type": "double"
      },
      {
        "name": "col_266",
        "type": "double"
      },
      {
        "name": "col_267",
        "type": "double"
      },
      {
        "name": "col_268",
        "type": "double"
      },
      {
        "name": "col_269",
        "type": "double"
      },
      {
        "name": "col_270",
        "type": "double"
      },
      {
        "name": "col_271",
        "type": "double"
      },
      {
        "name": "col_272",
        "type": "double"
      },
      {
        "name": "col_273",
        "type": "double"
      },
      {
        "name": "col_274",
        "type": "double"
      },
      {
        "name": "col_275",
        "type": "double"
      },
      {
        "name": "col_276",
        "type": "double"
      },
      {
        "name": "col_277",
        "type": "double"
      },
      {
        "name": "col_278",
        "type": "double"
      },
      {
        "name": "col_279",
        "type": "double"
      },
      {
        "name": "col_280",
        "type": "double"
      },
      {
        "name": "col_281",
        "type": "double"
      },
      {
        "name": "col_282",
        "type": "double"
      },
      {
        "name": "col_283",
        "type": "double"
      },
      {
        "name": "col_284",
        "type": "double"
      },
      {
        "name": "col_285",
        "type": "double"
      },
      {
        "name": "col_286",
        "type": "double"
      },
      {
        "name": "col_287",
        "type": "double"
      },
      {
        "name": "col_288",
        "type": "double"
      },
      {
        "name": "col_289",
        "type": "double"
      },
      {
        "name": "col_290",
        "type": "double"
      },
      {
        "name": "col_291",
        "type": "double"
      },
      {
        "name": "col_292",
        "type": "double"
      },
      {
        "name": "col_293",
        "type": "double"
      },
      {
        "name": "col_294",
        "type": "double"
      },
      {
        "name": "col_295",
        "type": "double"
      },
      {
        "name": "col_296",
        "type": "double"
      },
      {
        "name": "col_297",
        "type": "double"
      },
      {
        "name": "col_298",
        "type": "double"
      },
      {
        "name": "col_299",
        "type": "double"
      },
      {
        "name": "col_300",
        "type": "double"
      },
      {
        "name": "col_301",
        "type": "double"
      },
      {
        "name": "col_302",
        "type": "double"
      },
      {
        "name": "col_303",
        "type": "double"
      },
      {
        "name": "col_304",
        "type": "double"
      },
      {
        "name": "col_305",
        "type": "double"
      },
      {
        "name": "col_306",
        "type": "double"
      },
      {
        "name": "col_307",
        "type": "double"
      },
      {
        "name": "col_308",
        "type": "double"
      },
      {
        "name": "col_309",
        "type": "double"
      },
      {
        "name": "col_310",
        "type": "double"
      },
      {
        "name": "col_311",
        "type": "double"
      },
      {
        "name": "col_312",
        "type": "double"
      },
      {
        "name": "col_313",
        "type": "double"
      },
      {
        "name": "col_314",
        "type": "double"
      },
      {
        "name": "col_315",
        "type": "double"
      },
      {
        "name": "col_316",
        "type": "double"
      },
      {
        "name": "col_317",
        "type": "double"
      },
      {
        "name": "col_318",
        "type": "double"
      },
      {
        "name": "col_319",
        "type": "double"
      },
      {
        "name": "col_320",
        "type": "double"
      },
      {
        "name": "col_321",
        "type": "double"
      },
      {
        "name": "col_322",
        "type": "double"
      },
      {
        "name": "col_323",
        "type": "double"
      },
      {
        "name": "col_324",
        "type": "double"
      },
      {
        "name": "col_325",
        "type": "double"
      },
      {
        "name": "col_326",
        "type": "double"
      },
      {
        "name": "col_327",
        "type": "double"
      },
      {
        "name": "col_328",
        "type": "double"
      },
      {
        "name": "col_329",
        "type": "double"
      },
      {
        "name": "col_330",
        "type": "double"
      },
      {
        "name": "col_331",
        "type": "double"
      },
      {
        "name": "col_332",
        "type": "double"
      },
      {
        "name": "col_333",
        "type": "double"
      },
      {
        "name": "col_334",
        "type": "double"
      },
      {
        "name": "col_335",
        "type": "double"
      },
      {
        "name": "col_336",
        "type": "double"
      },
      {
        "name": "col_337",
        "type": "double"
      },
      {
        "name": "col_338",
        "type": "double"
      },
      {
        "name": "col_339",
        "type": "double"
      },
      {
        "name": "col_340",
        "type": "double"
      },
      {
        "name": "col_341",
        "type": "double"
      },
      {
        "name": "col_342",
        "type": "double"
      },
      {
        "name": "col_343",
        "type": "double"
      },
      {
        "name": "col_344",
        "type": "double"
      },
      {
        "name": "col_345",
        "type": "double"
      },
      {
        "name": "col_346",
        "type": "double"
      },
      {
        "name": "col_347",
        "type": "double"
      },
      {
        "name": "col_348",
        "type": "double"
      },
      {
        "name": "col_349",
        "type": "double"
      },
      {
        "name": "col_350",
        "type": "double"
      },
      {
        "name": "col_351",
        "type": "double"
      },
      {
        "name": "col_352",
        "type": "double"
      },
      {
        "name": "col_353",
        "type": "double"
      },
      {
        "name": "col_354",
        "type": "double"
      },
      {
        "name": "col_355",
        "type": "double"
      },
      {
        "name": "col_356",
        "type": "double"
      },
      {
        "name": "col_357",
        "type": "double"
      },
      {
        "name": "col_358",
        "type": "double"
      },
      {
        "name": "col_359",
        "type": "double"
      },
      {
        "name": "col_360",
        "type": "double"
      },
      {
        "name": "col_361",
        "type": "double"
      },
      {
        "name": "col_362",
        "type": "double"
      },
      {
        "name": "col_363",
        "type": "double"
      },
      {
        "name": "col_364",
        "type": "double"
      },
      {
        "name": "col_365",
        "type": "double"
      },
      {
        "name": "col_366",
        "type": "double"
      },
      {
        "name": "col_367",
        "type": "double"
      },
      {
        "name": "col_368",
        "type": "double"
      },
      {
        "name": "col_369",
        "type": "double"
      },
      {
        "name": "col_370",
        "type": "double"
      },
      {
        "name": "col_371",
        "type": "double"
      },
      {
        "name": "col_372",
        "type": "double"
      },
      {
        "name": "col_373",
        "type": "double"
      },
      {
        "name": "col_374",
        "type": "double"
      },
      {
        "name": "col_375",
        "type": "double"
      },
      {
        "name": "col_376",
        "type": "double"
      },
      {
        "name": "col_377",
        "type": "double"
      },
      {
        "name": "col_378",
        "type": "double"
      },
      {
        "name": "col_379",
        "type": "double"
      },
      {
        "name": "col_380",
        "type": "double"
      },
      {
        "name": "col_381",
        "type": "double"
      },
      {
        "name": "col_382",
        "type": "double"
      },
      {
        "name": "col_383",
        "type": "double"
      },
      {
        "name": "col_384",
        "type": "double"
      },
      {
        "name": "col_385",
        "type": "double"
      },
      {
        "name": "col_386",
        "type": "double"
      },
      {
        "name": "col_387",
        "type": "double"
      },
      {
        "name": "col_388",
        "type": "double"
      },
      {
        "name": "col_389",
        "type": "double"
      },
      {
        "name": "col_390",
        "type": "double"
      },
      {
        "name": "col_391",
        "type": "double"
      },
      {
        "name": "col_392",
        "type": "double"
      },
      {
        "name": "col_393",
        "type": "double"
      },
      {
        "name": "col_394",
        "type": "double"
      },
      {
        "name": "col_395",
        "type": "double"
      },
      {
        "name": "col_396",
        "type": "double"
      },
      {
        "name": "col_397",
        "type": "double"
      },
      {
        "name": "col_398",
        "type": "double"
      },
      {
        "name": "col_399",
        "type": "double"
      },
      {
        "name": "col_400",
        "type": "double"
      },
      {
        "name": "col_401",
        "type": "double"
      },
      {
        "name": "col_402",
        "type": "double"
      },
      {
        "name": "col_403",
        "type": "double"
      },
      {
        "name": "col_404",
        "type": "double"
      },
      {
        "name": "col_405",
        "type": "double"
      },
      {
        "name": "col_406",
        "type": "double"
      },
      {
        "name": "col_407",
        "type": "double"
      },
      {
        "name": "col_408",
        "type": "double"
      },
      {
        "name": "col_409",
        "type": "double"
      },
      {
        "name": "col_410",
        "type": "double"
      },
      {
        "name": "col_411",
        "type": "double"
      },
      {
        "name": "col_412",
        "type": "double"
      },
      {
        "name": "col_413",
        "type": "double"
      },
      {
        "name": "col_414",
        "type": "double"
      },
      {
        "name": "col_415",
        "type": "double"
      },
      {
        "name": "col_416",
        "type": "double"
      },
      {
        "name": "col_417",
        "type": "double"
      },
      {
        "name": "col_418",
        "type": "double"
      },
      {
        "name": "col_419",
        "type": "double"
      },
      {
        "name": "col_420",
        "type": "double"
      },
      {
        "name": "col_421",
        "type": "double"
      },
      {
        "name": "col_422",
        "type": "double"
      },
      {
        "name": "col_423",
        "type": "double"
      },
      {
        "name": "col_424",
        "type": "double"
      },
      {
        "name": "col_425",
        "type": "double"
      },
      {
        "name": "col_426",
        "type": "double"
      },
      {
        "name": "col_427",
        "type": "double"
      },
      {
        "name": "col_428",
        "type": "double"
      },
      {
        "name": "col_429",
        "type": "double"
      },
      {
        "name": "col_430",
        "type": "double"
      },
      {
        "name": "col_431",
        "type": "double"
      },
      {
        "name": "col_432",
        "type": "double"
      },
      {
        "name": "col_433",
        "type": "double"
      },
      {
        "name": "col_434",
        "type": "double"
      },
      {
        "name": "col_435",
        "type": "double"
      },
      {
        "name": "col_436",
        "type": "double"
      },
      {
        "name": "col_437",
        "type": "double"
      },
      {
        "name": "col_438",
        "type": "double"
      },
      {
        "name": "col_439",
        "type": "double"
      },
      {
        "name": "col_440",
        "type": "double"
      },
      {
        "name": "col_441",
        "type": "double"
      },
      {
        "name": "col_442",
        "type": "double"
      },
      {
        "name": "col_443",
        "type": "double"
      },
      {
        "name": "col_444",
        "type": "double"
      },
      {
        "name": "col_445",
        "type": "double"
      },
      {
        "name": "col_446",
        "type": "double"
      },
      {
        "name": "col_447",
        "type": "double"
      },
      {
        "name": "col_448",
        "type": "double"
      },
      {
        "name": "col_449",
        "type": "double"
      },
      {
        "name": "col_450",
        "type": "double"
      },
      {
        "name": "col_451",
        "type": "double"
      },
      {
        "name": "col_452",
        "type": "double"
      },
      {
        "name": "col_453",
        "type": "double"
      },
      {
        "name": "col_454",
        "type": "double"
      },
      {
        "name": "col_455",
        "type": "double"
      },
      {
        "name": "col_456",
        "type": "double"
      },
      {
        "name": "col_457",
        "type": "double"
      },
      {
        "name": "col_458",
        "type": "double"
      },
      {
        "name": "col_459",
        "type": "double"
      },
      {
        "name": "col_460",
        "type": "double"
      },
      {
        "name": "col_461",
        "type": "double"
      },
      {
        "name": "col_462",
        "type": "double"
      },
      {
        "name": "col_463",
        "type": "double"
      },
      {
        "name": "col_464",
        "type": "double"
      },
      {
        "name": "col_465",
        "type": "double"
      },
      {
        "name": "col_466",
        "type": "double"
      },
      {
        "name": "col_467",
        "type": "double"
      },
      {
        "name": "col_468",
        "type": "double"
      },
      {
        "name": "col_469",
        "type": "double"
      },
      {
        "name": "col_470",
        "type": "double"
      },
      {
        "name": "col_471",
        "type": "double"
      },
      {
        "name": "col_472",
        "type": "double"
      },
      {
        "name": "col_473",
        "type": "double"
      },
      {
        "name": "col_474",
        "type": "double"
      },
      {
        "name": "col_475",
        "type": "double"
      },
      {
        "name": "col_476",
        "type": "double"
      },
      {
        "name": "col_477",
        "type": "double"
      },
      {
        "name": "col_478",
        "type": "double"
      },
      {
        "name": "col_479",
        "type": "double"
      },
      {
        "name": "col_480",
        "type": "double"
      },
      {
        "name": "col_481",
        "type": "double"
      },
      {
        "name": "col_482",
        "type": "double"
      },
      {
        "name": "col_483",
        "type": "double"
      },
      {
        "name": "col_484",
        "type": "double"
      },
      {
        "name": "col_485",
        "type": "double"
      },
      {
        "name": "col_486",
        "type": "double"
      },
      {
        "name": "col_487",
        "type": "double"
      },
      {
        "name": "col_488",
        "type": "double"
      },
      {
        "name": "col_489",
        "type": "double"
      },
      {
        "name": "col_490",
        "type": "double"
      },
      {
        "name": "col_491",
        "type": "double"
      },
      {
        "name": "col_492",
        "type": "double"
      },
      {
        "name": "col_493",
        "type": "double"
      },
      {
        "name": "col_494",
        "type": "double"
      },
      {
        "name": "col_495",
        "type": "double"
      },
      {
        "name": "col_496",
        "type": "double"
      },
      {
        "name": "col_497",
        "type": "double"
      },
      {
        "name": "col_498",
        "type": "double"
      },
      {
        "name": "col_499",
        "type": "double"
      },
      {
        "name": "col_500",
        "type": "double"
      },
      {
        "name": "col_501",
        "type": "double"
      },
      {
        "name": "col_502",
        "type": "double"
      },
      {
        "name": "col_503",
        "type": "double"
      },
      {
        "name": "col_504",
        "type": "double"
      },
      {
        "name": "col_505",
        "type": "double"
      },
      {
        "name": "col_506",
        "type": "double"
      },
      {
        "name": "col_507",
        "type": "double"
      },
      {
        "name": "col_508",
        "type": "double"
      },
      {
        "name": "col_509",
        "type": "double"
      },
      {
        "name": "col_510",
        "type": "double"
      },
      {
        "name": "col_511",
        "type": "double"
      },
      {
        "name": "col_512",
        "type": "double"
      },
      {
        "name": "col_513",
        "type": "double"
      },
      {
        "name": "col_514",
        "type": "double"
      },
      {
        "name": "col_515",
        "type": "double"
      },
      {
        "name": "col_516",
        "type": "double"
      },
      {
        "name": "col_517",
        "type": "double"
      },
      {
        "name": "col_518",
        "type": "double"
      },
      {
        "name": "col_519",
        "type": "double"
      },
      {
        "name": "col_520",
        "type": "double"
      },
      {
        "name": "col_521",
        "type": "double"
      },
      {
        "name": "col_522",
        "type": "double"
      },
      {
        "name": "col_523",
        "type": "double"
      },
      {
        "name": "col_524",
        "type": "double"
      },
      {
        "name": "col_525",
        "type": "double"
      },
      {
        "name": "col_526",
        "type": "double"
      },
      {
        "name": "col_527",
        "type": "double"
      },
      {
        "name": "col_528",
        "type": "double"
      },
      {
        "name": "col_529",
        "type": "double"
      },
      {
        "name": "col_530",
        "type": "double"
      },
      {
        "name": "col_531",
        "type": "double"
      },
      {
        "name": "col_532",
        "type": "double"
      },
      {
        "name": "col_533",
        "type": "double"
      },
      {
        "name": "col_534",
        "type": "double"
      },
      {
        "name": "col_535",
        "type": "double"
      },
      {
        "name": "col_536",
        "type": "double"
      },
      {
        "name": "col_537",
        "type": "double"
      },
      {
        "name": "col_538",
        "type": "double"
      },
      {
        "name": "col_539",
        "type": "double"
      },
      {
        "name": "col_540",
        "type": "double"
      },
      {
        "name": "col_541",
        "type": "double"
      },
      {
        "name": "col_542",
        "type": "double"
      },
      {
        "name": "col_543",
        "type": "double"
      },
      {
        "name": "col_544",
        "type": "double"
      },
      {
        "name": "col_545",
        "type": "double"
      },
      {
        "name": "col_546",
        "type": "double"
      },
      {
        "name": "col_547",
        "type": "double"
      },
      {
        "name": "col_548",
        "type": "double"
      },
      {
        "name": "col_549",
        "type": "double"
      },
      {
        "name": "col_550",
        "type": "double"
      },
      {
        "name": "col_551",
        "type": "double"
      },
      {
        "name": "col_552",
        "type": "double"
      },
      {
        "name": "col_553",
        "type": "double"
      },
      {
        "name": "col_554",
        "type": "double"
      },
      {
        "name": "col_555",
        "type": "double"
      },
      {
        "name": "col_556",
        "type": "double"
      },
      {
        "name": "col_557",
        "type": "double"
      },
      {
        "name": "col_558",
        "type": "double"
      },
      {
        "name": "col_559",
        "type": "double"
      },
      {
        "name": "col_560",
        "type": "double"
      },
      {
        "name": "col_561",
        "type": "double"
      },
      {
        "name": "col_562",
        "type": "double"
      },
      {
        "name": "col_563",
        "type": "double"
      },
      {
        "name": "col_564",
        "type": "double"
      },
      {
        "name": "col_565",
        "type": "double"
      },
      {
        "name": "col_566",
        "type": "double"
      },
      {
        "name": "col_567",
        "type": "double"
      },
      {
        "name": "col_568",
        "type": "double"
      },
      {
        "name": "col_569",
        "type": "double"
      },
      {
        "name": "col_570",
        "type": "double"
      },
      {
        "name": "col_571",
        "type": "double"
      },
      {
        "name": "col_572",
        "type": "double"
      },
      {
        "name": "col_573",
        "type": "double"
      },
      {
        "name": "col_574",
        "type": "double"
      },
      {
        "name": "col_575",
        "type": "double"
      },
      {
        "name": "col_576",
        "type": "double"
      },
      {
        "name": "col_577",
        "type": "double"
      },
      {
        "name": "col_578",
        "type": "double"
      },
      {
        "name": "col_579",
        "type": "double"
      },
      {
        "name": "col_580",
        "type": "double"
      },
      {
        "name": "col_581",
        "type": "double"
      },
      {
        "name": "col_582",
        "type": "double"
      },
      {
        "name": "col_583",
        "type": "double"
      },
      {
        "name": "col_584",
        "type": "double"
      },
      {
        "name": "col_585",
        "type": "double"
      },
      {
        "name": "col_586",
        "type": "double"
      },
      {
        "name": "col_587",
        "type": "double"
      },
      {
        "name": "col_588",
        "type": "double"
      },
      {
        "name": "col_589",
        "type": "double"
      },
      {
        "name": "col_590",
        "type": "double"
      },
      {
        "name": "col_591",
        "type": "double"
      },
      {
        "name": "col_592",
        "type": "double"
      },
      {
        "name": "col_593",
        "type": "double"
      },
      {
        "name": "col_594",
        "type": "double"
      },
      {
        "name": "col_595",
        "type": "double"
      },
      {
        "name": "col_596",
        "type": "double"
      },
      {
        "name": "col_597",
        "type": "double"
      },
      {
        "name": "col_598",
        "type": "double"
      },
      {
        "name": "col_599",
        "type": "double"
      },
      {
        "name": "col_600",
        "type": "double"
      },
      {
        "name": "col_601",
        "type": "double"
      },
      {
        "name": "col_602",
        "type": "double"
      },
      {
        "name": "col_603",
        "type": "double"
      },
      {
        "name": "col_604",
        "type": "double"
      },
      {
        "name": "col_605",
        "type": "double"
      },
      {
        "name": "col_606",
        "type": "double"
      },
      {
        "name": "col_607",
        "type": "double"
      },
      {
        "name": "col_608",
        "type": "double"
      },
      {
        "name": "col_609",
        "type": "double"
      },
      {
        "name": "col_610",
        "type": "double"
      },
      {
        "name": "col_611",
        "type": "double"
      },
      {
        "name": "col_612",
        "type": "double"
      },
      {
        "name": "col_613",
        "type": "double"
      },
      {
        "name": "col_614",
        "type": "double"
      },
      {
        "name": "col_615",
        "type": "double"
      },
      {
        "name": "col_616",
        "type": "double"
      },
      {
        "name": "col_617",
        "type": "double"
      },
      {
        "name": "col_618",
        "type": "double"
      },
      {
        "name": "col_619",
        "type": "double"
      },
      {
        "name": "col_620",
        "type": "double"
      },
      {
        "name": "col_621",
        "type": "double"
      },
      {
        "name": "col_622",
        "type": "double"
      },
      {
        "name": "col_623",
        "type": "double"
      },
      {
        "name": "col_624",
        "type": "double"
      },
      {
        "name": "col_625",
        "type": "double"
      },
      {
        "name": "col_626",
        "type": "double"
      },
      {
        "name": "col_627",
        "type": "double"
      },
      {
        "name": "col_628",
        "type": "double"
      },
      {
        "name": "col_629",
        "type": "double"
      },
      {
        "name": "col_630",
        "type": "double"
      },
      {
        "name": "col_631",
        "type": "double"
      },
      {
        "name": "col_632",
        "type": "double"
      },
      {
        "name": "col_633",
        "type": "double"
      },
      {
        "name": "col_634",
        "type": "double"
      },
      {
        "name": "col_635",
        "type": "double"
      },
      {
        "name": "col_636",
        "type": "double"
      },
      {
        "name": "col_637",
        "type": "double"
      },
      {
        "name": "col_638",
        "type": "double"
      },
      {
        "name": "col_639",
        "type": "double"
      },
      {
        "name": "col_640",
        "type": "double"
      },
      {
        "name": "col_641",
        "type": "double"
      },
      {
        "name": "col_642",
        "type": "double"
      },
      {
        "name": "col_643",
        "type": "double"
      },
      {
        "name": "col_644",
        "type": "double"
      },
      {
        "name": "col_645",
        "type": "double"
      },
      {
        "name": "col_646",
        "type": "double"
      },
      {
        "name": "col_647",
        "type": "double"
      },
      {
        "name": "col_648",
        "type": "double"
      },
      {
        "name": "col_649",
        "type": "double"
      },
      {
        "name": "col_650",
        "type": "double"
      },
      {
        "name": "col_651",
        "type": "double"
      },
      {
        "name": "col_652",
        "type": "double"
      },
      {
        "name": "col_653",
        "type": "double"
      },
      {
        "name": "col_654",
        "type": "double"
      },
      {
        "name": "col_655",
        "type": "double"
      },
      {
        "name": "col_656",
        "type": "double"
      },
      {
        "name": "col_657",
        "type": "double"
      },
      {
        "name": "col_658",
        "type": "double"
      },
      {
        "name": "col_659",
        "type": "double"
      },
      {
        "name": "col_660",
        "type": "double"
      },
      {
        "name": "col_661",
        "type": "double"
      },
      {
        "name": "col_662",
        "type": "double"
      },
      {
        "name": "col_663",
        "type": "double"
      },
      {
        "name": "col_664",
        "type": "double"
      },
      {
        "name": "col_665",
        "type": "double"
      },
      {
        "name": "col_666",
        "type": "double"
      },
      {
        "name": "col_667",
        "type": "double"
      },
      {
        "name": "col_668",
        "type": "double"
      },
      {
        "name": "col_669",
        "type": "double"
      },
      {
        "name": "col_670",
        "type": "double"
      },
      {
        "name": "col_671",
        "type": "double"
      },
      {
        "name": "col_672",
        "type": "double"
      },
      {
        "name": "col_673",
        "type": "double"
      },
      {
        "name": "col_674",
        "type": "double"
      },
      {
        "name": "col_675",
        "type": "double"
      },
      {
        "name": "col_676",
        "type": "double"
      },
      {
        "name": "col_677",
        "type": "double"
      },
      {
        "name": "col_678",
        "type": "double"
      },
      {
        "name": "col_679",
        "type": "double"
      },
      {
        "name": "col_680",
        "type": "double"
      },
      {
        "name": "col_681",
        "type": "double"
      },
      {
        "name": "col_682",
        "type": "double"
      },
      {
        "name": "col_683",
        "type": "double"
      },
      {
        "name": "col_684",
        "type": "double"
      },
      {
        "name": "col_685",
        "type": "double"
      },
      {
        "name": "col_686",
        "type": "double"
      },
      {
        "name": "col_687",
        "type": "double"
      },
      {
        "name": "col_688",
        "type": "double"
      },
      {
        "name": "col_689",
        "type": "double"
      },
      {
        "name": "col_690",
        "type": "double"
      },
      {
        "name": "col_691",
        "type": "double"
      },
      {
        "name": "col_692",
        "type": "double"
      },
      {
        "name": "col_693",
        "type": "double"
      },
      {
        "name": "col_694",
        "type": "double"
      },
      {
        "name": "col_695",
        "type": "double"
      },
      {
        "name": "col_696",
        "type": "double"
      },
      {
        "name": "col_697",
        "type": "double"
      },
      {
        "name": "col_698",
        "type": "double"
      },
      {
        "name": "col_699",
        "type": "double"
      },
      {
        "name": "col_700",
        "type": "double"
      },
      {
        "name": "col_701",
        "type": "double"
      },
      {
        "name": "col_702",
        "type": "double"
      },
      {
        "name": "col_703",
        "type": "double"
      },
      {
        "name": "col_704",
        "type": "double"
      },
      {
        "name": "col_705",
        "type": "double"
      },
      {
        "name": "col_706",
        "type": "double"
      },
      {
        "name": "col_707",
        "type": "double"
      },
      {
        "name": "col_708",
        "type": "double"
      },
      {
        "name": "col_709",
        "type": "double"
      },
      {
        "name": "col_710",
        "type": "double"
      },
      {
        "name": "col_711",
        "type": "double"
      },
      {
        "name": "col_712",
        "type": "double"
      },
      {
        "name": "col_713",
        "type": "double"
      },
      {
        "name": "col_714",
        "type": "double"
      },
      {
        "name": "col_715",
        "type": "double"
      },
      {
        "name": "col_716",
        "type": "double"
      },
      {
        "name": "col_717",
        "type": "double"
      },
      {
        "name": "col_718",
        "type": "double"
      },
      {
        "name": "col_719",
        "type": "double"
      },
      {
        "name": "col_720",
        "type": "double"
      },
      {
        "name": "col_721",
        "type": "double"
      },
      {
        "name": "col_722",
        "type": "double"
      },
      {
        "name": "col_723",
        "type": "double"
      },
      {
        "name": "col_724",
        "type": "double"
      },
      {
        "name": "col_725",
        "type": "double"
      },
      {
        "name": "col_726",
        "type": "double"
      },
      {
        "name": "col_727",
        "type": "double"
      },
      {
        "name": "col_728",
        "type": "double"
      },
      {
        "name": "col_729",
        "type": "double"
      },
      {
        "name": "col_730",
        "type": "double"
      },
      {
        "name": "col_731",
        "type": "double"
      },
      {
        "name": "col_732",
        "type": "double"
      },
      {
        "name": "col_733",
        "type": "double"
      },
      {
        "name": "col_734",
        "type": "double"
      },
      {
        "name": "col_735",
        "type": "double"
      },
      {
        "name": "col_736",
        "type": "double"
      },
      {
        "name": "col_737",
        "type": "double"
      },
      {
        "name": "col_738",
        "type": "double"
      },
      {
        "name": "col_739",
        "type": "double"
      },
      {
        "name": "col_740",
        "type": "double"
      },
      {
        "name": "col_741",
        "type": "double"
      },
      {
        "name": "col_742",
        "type": "double"
      },
      {
        "name": "col_743",
        "type": "double"
      },
      {
        "name": "col_744",
        "type": "double"
      },
      {
        "name": "col_745",
        "type": "double"
      },
      {
        "name": "col_746",
        "type": "double"
      },
      {
        "name": "col_747",
        "type": "double"
      },
      {
        "name": "col_748",
        "type": "double"
      },
      {
        "name": "col_749",
        "type": "double"
      },
      {
        "name": "col_750",
        "type": "double"
      },
      {
        "name": "col_751",
        "type": "double"
      },
      {
        "name": "col_752",
        "type": "double"
      },
      {
        "name": "col_753",
        "type": "double"
      },
      {
        "name": "col_754",
        "type": "double"
      },
      {
        "name": "col_755",
        "type": "double"
      },
      {
        "name": "col_756",
        "type": "double"
      },
      {
        "name": "col_757",
        "type": "double"
      },
      {
        "name": "col_758",
        "type": "double"
      },
      {
        "name": "col_759",
        "type": "double"
      },
      {
        "name": "col_760",
        "type": "double"
      },
      {
        "name": "col_761",
        "type": "double"
      },
      {
        "name": "col_762",
        "type": "double"
      },
      {
        "name": "col_763",
        "type": "double"
      },
      {
        "name": "col_764",
        "type": "double"
      },
      {
        "name": "col_765",
        "type": "double"
      },
      {
        "name": "col_766",
        "type": "double"
      },
      {
        "name": "col_767",
        "type": "double"
      },
      {
        "name": "col_768",
        "type": "double"
      },
      {
        "name": "col_769",
        "type": "double"
      },
      {
        "name": "col_770",
        "type": "double"
      },
      {
        "name": "col_771",
        "type": "double"
      },
      {
        "name": "col_772",
        "type": "double"
      },
      {
        "name": "col_773",
        "type": "double"
      },
      {
        "name": "col_774",
        "type": "double"
      },
      {
        "name": "col_775",
        "type": "double"
      },
      {
        "name": "col_776",
        "type": "double"
      },
      {
        "name": "col_777",
        "type": "double"
      },
      {
        "name": "col_778",
        "type": "double"
      },
      {
        "name": "col_779",
        "type": "double"
      },
      {
        "name": "col_780",
        "type": "double"
      },
      {
        "name": "col_781",
        "type": "double"
      },
      {
        "name": "col_782",
        "type": "double"
      },
      {
        "name": "col_783",
        "type": "double"
      }
    ],
    "userModified": false
  },
  "metrics": {
    "probes": [
      {
        "type": "basic",
        "enabled": true,
        "computeOnBuildMode": "PARTITION",
        "meta": {
          "name": "Basic data",
          "level": 0
        },
        "configuration": {}
      },
      {
        "type": "records",
        "enabled": true,
        "computeOnBuildMode": "NO",
        "meta": {
          "name": "Record count",
          "level": 0
        },
        "configuration": {}
      }
    ],
    "engineConfig": {
      "padRunsWithMetrics": false,
      "hive": {
        "active": true,
        "extraConf": []
      },
      "basic": {},
      "dss": {
        "active": true,
        "selection": {
          "useMemTable": false,
          "filter": {
            "distinct": false,
            "enabled": false
          },
          "partitionSelectionMethod": "ALL",
          "latestPartitionsN": 1,
          "ordering": {
            "enabled": false,
            "rules": []
          },
          "samplingMethod": "FULL",
          "maxRecords": -1,
          "targetRatio": 0.02,
          "withinFirstN": -1,
          "maxReadUncompressedBytes": -1
        }
      },
      "sql": {
        "active": true
      },
      "impala": {
        "active": true
      },
      "spark": {
        "active": true,
        "extraConf": []
      },
      "python": {}
    },
    "displayedState": {
      "columns": [],
      "metrics": [
        "basic:COUNT_COLUMNS",
        "basic:COUNT_FILES",
        "basic:SIZE",
        "records:COUNT_RECORDS"
      ]
    }
  },
  "metricsChecks": {
    "runOnBuild": false,
    "checks": [],
    "displayedState": {
      "checks": []
    }
  },
  "customFields": {}
}