{
  "script": {
    "steps": [],
    "maxProcessedMemTableBytes": -1,
    "columnsSelection": {
      "mode": "ALL"
    },
    "columnWidthsByName": {
      "col_0": 100,
      "col_1": 100,
      "col_2": 100,
      "col_3": 100,
      "col_4": 100,
      "col_5": 100,
      "col_6": 100,
      "col_7": 100,
      "col_8": 100,
      "col_9": 100,
      "col_10": 100,
      "col_11": 100,
      "col_12": 100,
      "col_13": 100,
      "col_14": 100,
      "col_15": 100,
      "col_16": 100,
      "col_17": 100,
      "col_18": 100,
      "col_19": 100,
      "col_20": 100,
      "col_21": 100,
      "col_22": 100,
      "col_23": 100,
      "col_24": 100,
      "col_25": 100,
      "col_26": 100,
      "col_27": 100,
      "col_28": 100,
      "col_29": 100,
      "col_30": 100,
      "col_31": 100,
      "col_32": 100,
      "col_33": 100,
      "col_34": 100,
      "col_35": 100,
      "col_36": 100,
      "col_37": 100,
      "col_38": 100,
      "col_39": 100,
      "col_40": 100,
      "col_41": 100,
      "col_42": 100,
      "col_43": 100,
      "col_44": 100,
      "col_45": 100,
      "col_46": 100,
      "col_47": 100,
      "col_48": 100,
      "col_49": 100,
      "col_50": 100,
      "col_51": 100,
      "col_52": 100,
      "col_53": 100,
      "col_54": 100,
      "col_55": 100,
      "col_56": 100,
      "col_57": 100,
      "col_58": 100,
      "col_59": 100,
      "col_60": 100,
      "col_61": 100,
      "col_62": 100,
      "col_63": 100,
      "col_64": 100,
      "col_65": 100,
      "col_66": 100,
      "col_67": 100,
      "col_68": 100,
      "col_69": 100,
      "col_70": 100,
      "col_71": 100,
      "col_72": 100,
      "col_73": 100,
      "col_74": 100,
      "col_75": 100,
      "col_76": 100,
      "col_77": 100,
      "col_78": 100,
      "col_79": 100,
      "col_80": 100,
      "col_81": 100,
      "col_82": 100,
      "col_83": 100,
      "col_84": 100,
      "col_85": 100,
      "col_86": 100,
      "col_87": 100,
      "col_88": 100,
      "col_89": 100,
      "col_90": 100,
      "col_91": 100,
      "col_92": 100,
      "col_93": 100,
      "col_94": 100,
      "col_95": 100,
      "col_96": 100,
      "col_97": 100,
      "col_98": 100,
      "col_99": 100,
      "col_100": 100,
      "col_101": 100,
      "col_102": 100,
      "col_103": 100,
      "col_104": 100,
      "col_105": 100,
      "col_106": 100,
      "col_107": 100,
      "col_108": 100,
      "col_109": 100,
      "col_110": 100,
      "col_111": 100,
      "col_112": 100,
      "col_113": 100,
      "col_114": 100,
      "col_115": 100,
      "col_116": 100,
      "col_117": 100,
      "col_118": 100,
      "col_119": 100,
      "col_120": 100,
      "col_121": 100,
      "col_122": 100,
      "col_123": 100,
      "col_124": 106,
      "col_125": 106,
      "col_126": 106,
      "col_127": 106,
      "col_128": 106,
      "col_129": 106,
      "col_130": 106,
      "col_131": 106,
      "col_132": 100,
      "col_133": 100,
      "col_134": 100,
      "col_135": 100,
      "col_136": 100,
      "col_137": 100,
      "col_138": 100,
      "col_139": 100,
      "col_140": 100,
      "col_141": 100,
      "col_142": 100,
      "col_143": 100,
      "col_144": 100,
      "col_145": 100,
      "col_146": 100,
      "col_147": 100,
      "col_148": 100,
      "col_149": 100,
      "col_150": 106,
      "col_151": 106,
      "col_152": 113,
      "col_153": 113,
      "col_154": 155,
      "col_155": 155,
      "col_156": 155,
      "col_157": 155,
      "col_158": 113,
      "col_159": 113,
      "col_160": 106,
      "col_161": 106,
      "col_162": 100,
      "col_163": 100,
      "col_164": 100,
      "col_165": 100,
      "col_166": 100,
      "col_167": 100,
      "col_168": 100,
      "col_169": 100,
      "col_170": 100,
      "col_171": 100,
      "col_172": 100,
      "col_173": 100,
      "col_174": 100,
      "col_175": 100,
      "col_176": 106,
      "col_177": 106,
      "col_178": 113,
      "col_179": 113,
      "col_180": 155,
      "col_181": 155,
      "col_182": 155,
      "col_183": 155,
      "col_184": 155,
      "col_185": 155,
      "col_186": 155,
      "col_187": 155,
      "col_188": 113,
      "col_189": 106,
      "col_190": 106,
      "col_191": 100,
      "col_192": 100,
      "col_193": 100,
      "col_194": 100,
      "col_195": 100,
      "col_196": 100,
      "col_197": 100,
      "col_198": 100,
      "col_199": 100,
      "col_200": 100,
      "col_201": 100,
      "col_202": 100,
      "col_203": 106,
      "col_204": 106,
      "col_205": 113,
      "col_206": 155,
      "col_207": 155,
      "col_208": 155,
      "col_209": 155,
      "col_210": 155,
      "col_211": 155,
      "col_212": 155,
      "col_213": 155,
      "col_214": 155,
      "col_215": 155,
      "col_216": 155,
      "col_217": 113,
      "col_218": 106,
      "col_219": 100,
      "col_220": 100,
      "col_221": 100,
      "col_222": 100,
      "col_223": 100,
      "col_224": 100,
      "col_225": 100,
      "col_226": 100,
      "col_227": 100,
      "col_228": 100,
      "col_229": 100,
      "col_230": 100,
      "col_231": 106,
      "col_232": 113,
      "col_233": 113,
      "col_234": 155,
      "col_235": 155,
      "col_236": 155,
      "col_237": 155,
      "col_238": 155,
      "col_239": 155,
      "col_240": 155,
      "col_241": 155,
      "col_242": 155,
      "col_243": 155,
      "col_244": 155,
      "col_245": 113,
      "col_246": 106,
      "col_247": 100,
      "col_248": 100,
      "col_249": 100,
      "col_250": 100,
      "col_251": 100,
      "col_252": 100,
      "col_253": 100,
      "col_254": 100,
      "col_255": 100,
      "col_256": 100,
      "col_257": 100,
      "col_258": 100,
      "col_259": 106,
      "col_260": 113,
      "col_261": 155,
      "col_262": 155,
      "col_263": 155,
      "col_264": 155,
      "col_265": 155,
      "col_266": 155,
      "col_267": 155,
      "col_268": 155,
      "col_269": 155,
      "col_270": 155,
      "col_271": 155,
      "col_272": 155,
      "col_273": 113,
      "col_274": 106,
      "col_275": 100,
      "col_276": 100,
      "col_277": 100,
      "col_278": 100,
      "col_279": 100,
      "col_280": 100,
      "col_281": 100,
      "col_282": 100,
      "col_283": 100,
      "col_284": 100,
      "col_285": 100,
      "col_286": 100,
      "col_287": 106,
      "col_288": 113,
      "col_289": 155,
      "col_290": 155,
      "col_291": 155,
      "col_292": 155,
      "col_293": 155,
      "col_294": 155,
      "col_295": 155,
      "col_296": 155,
      "col_297": 155,
      "col_298": 155,
      "col_299": 155,
      "col_300": 155,
      "col_301": 113,
      "col_302": 106,
      "col_303": 100,
      "col_304": 100,
      "col_305": 100,
      "col_306": 100,
      "col_307": 100,
      "col_308": 100,
      "col_309": 100,
      "col_310": 100,
      "col_311": 100,
      "col_312": 100,
      "col_313": 100,
      "col_314": 106,
      "col_315": 106,
      "col_316": 113,
      "col_317": 155,
      "col_318": 155,
      "col_319": 155,
      "col_320": 155,
      "col_321": 155,
      "col_322": 155,
      "col_323": 155,
      "col_324": 155,
      "col_325": 155,
      "col_326": 155,
      "col_327": 155,
      "col_328": 155,
      "col_329": 113,
      "col_330": 106,
      "col_331": 100,
      "col_332": 100,
      "col_333": 100,
      "col_334": 100,
      "col_335": 100,
      "col_336": 100,
      "col_337": 100,
      "col_338": 100,
      "col_339": 100,
      "col_340": 100,
      "col_341": 100,
      "col_342": 106,
      "col_343": 106,
      "col_344": 113,
      "col_345": 155,
      "col_346": 155,
      "col_347": 155,
      "col_348": 155,
      "col_349": 155,
      "col_350": 155,
      "col_351": 155,
      "col_352": 155,
      "col_353": 155,
      "col_354": 155,
      "col_355": 155,
      "col_356": 113,
      "col_357": 106,
      "col_358": 106,
      "col_359": 100,
      "col_360": 100,
      "col_361": 100,
      "col_362": 100,
      "col_363": 100,
      "col_364": 100,
      "col_365": 100,
      "col_366": 100,
      "col_367": 100,
      "col_368": 100,
      "col_369": 100,
      "col_370": 106,
      "col_371": 113,
      "col_372": 113,
      "col_373": 155,
      "col_374": 155,
      "col_375": 155,
      "col_376": 155,
      "col_377": 155,
      "col_378": 155,
      "col_379": 155,
      "col_380": 155,
      "col_381": 155,
      "col_382": 155,
      "col_383": 155,
      "col_384": 113,
      "col_385": 106,
      "col_386": 106,
      "col_387": 100,
      "col_388": 100,
      "col_389": 100,
      "col_390": 100,
      "col_391": 100,
      "col_392": 100,
      "col_393": 100,
      "col_394": 100,
      "col_395": 100,
      "col_396": 100,
      "col_397": 100,
      "col_398": 106,
      "col_399": 113,
      "col_400": 113,
      "col_401": 155,
      "col_402": 155,
      "col_403": 155,
      "col_404": 155,
      "col_405": 155,
      "col_406": 155,
      "col_407": 155,
      "col_408": 155,
      "col_409": 155,
      "col_410": 155,
      "col_411": 155,
      "col_412": 113,
      "col_413": 106,
      "col_414": 106,
      "col_415": 100,
      "col_416": 100,
      "col_417": 100,
      "col_418": 100,
      "col_419": 100,
      "col_420": 100,
      "col_421": 100,
      "col_422": 100,
      "col_423": 100,
      "col_424": 100,
      "col_425": 100,
      "col_426": 106,
      "col_427": 113,
      "col_428": 113,
      "col_429": 155,
      "col_430": 155,
      "col_431": 155,
      "col_432": 155,
      "col_433": 155,
      "col_434": 155,
      "col_435": 155,
      "col_436": 155,
      "col_437": 155,
      "col_438": 155,
      "col_439": 155,
      "col_440": 113,
      "col_441": 106,
      "col_442": 106,
      "col_443": 100,
      "col_444": 100,
      "col_445": 100,
      "col_446": 100,
      "col_447": 100,
      "col_448": 100,
      "col_449": 100,
      "col_450": 100,
      "col_451": 100,
      "col_452": 100,
      "col_453": 100,
      "col_454": 106,
      "col_455": 113,
      "col_456": 113,
      "col_457": 155,
      "col_458": 155,
      "col_459": 155,
      "col_460": 155,
      "col_461": 155,
      "col_462": 155,
      "col_463": 155,
      "col_464": 155,
      "col_465": 155,
      "col_466": 155,
      "col_467": 155,
      "col_468": 113,
      "col_469": 106,
      "col_470": 106,
      "col_471": 100,
      "col_472": 100,
      "col_473": 100,
      "col_474": 100,
      "col_475": 100,
      "col_476": 100,
      "col_477": 100,
      "col_478": 100,
      "col_479": 100,
      "col_480": 100,
      "col_481": 100,
      "col_482": 106,
      "col_483": 113,
      "col_484": 113,
      "col_485": 113,
      "col_486": 155,
      "col_487": 155,
      "col_488": 155,
      "col_489": 155,
      "col_490": 155,
      "col_491": 155,
      "col_492": 155,
      "col_493": 155,
      "col_494": 155,
      "col_495": 155,
      "col_496": 113,
      "col_497": 106,
      "col_498": 106,
      "col_499": 100,
      "col_500": 100,
      "col_501": 100,
      "col_502": 100,
      "col_503": 100,
      "col_504": 100,
      "col_505": 100,
      "col_506": 100,
      "col_507": 100,
      "col_508": 100,
      "col_509": 106,
      "col_510": 106,
      "col_511": 113,
      "col_512": 113,
      "col_513": 113,
      "col_514": 113,
      "col_515": 155,
      "col_516": 155,
      "col_517": 155,
      "col_518": 155,
      "col_519": 155,
      "col_520": 155,
      "col_521": 155,
      "col_522": 155,
      "col_523": 155,
      "col_524": 113,
      "col_525": 106,
      "col_526": 106,
      "col_527": 100,
      "col_528": 100,
      "col_529": 100,
      "col_530": 100,
      "col_531": 100,
      "col_532": 100,
      "col_533": 100,
      "col_534": 100,
      "col_535": 100,
      "col_536": 100,
      "col_537": 106,
      "col_538": 106,
      "col_539": 113,
      "col_540": 113,
      "col_541": 113,
      "col_542": 155,
      "col_543": 155,
      "col_544": 155,
      "col_545": 155,
      "col_546": 155,
      "col_547": 155,
      "col_548": 155,
      "col_549": 155,
      "col_550": 155,
      "col_551": 113,
      "col_552": 113,
      "col_553": 106,
      "col_554": 100,
      "col_555": 100,
      "col_556": 100,
      "col_557": 100,
      "col_558": 100,
      "col_559": 100,
      "col_560": 100,
      "col_561": 100,
      "col_562": 100,
      "col_563": 100,
      "col_564": 100,
      "col_565": 106,
      "col_566": 106,
      "col_567": 113,
      "col_568": 113,
      "col_569": 155,
      "col_570": 155,
      "col_571": 155,
      "col_572": 155,
      "col_573": 155,
      "col_574": 155,
      "col_575": 155,
      "col_576": 155,
      "col_577": 155,
      "col_578": 155,
      "col_579": 113,
      "col_580": 106,
      "col_581": 106,
      "col_582": 100,
      "col_583": 100,
      "col_584": 100,
      "col_585": 100,
      "col_586": 100,
      "col_587": 100,
      "col_588": 100,
      "col_589": 100,
      "col_590": 100,
      "col_591": 100,
      "col_592": 100,
      "col_593": 100,
      "col_594": 106,
      "col_595": 113,
      "col_596": 113,
      "col_597": 155,
      "col_598": 155,
      "col_599": 155,
      "col_600": 155,
      "col_601": 155,
      "col_602": 155,
      "col_603": 155,
      "col_604": 155,
      "col_605": 155,
      "col_606": 113,
      "col_607": 106,
      "col_608": 106,
      "col_609": 100,
      "col_610": 100,
      "col_611": 100,
      "col_612": 100,
      "col_613": 100,
      "col_614": 100,
      "col_615": 100,
      "col_616": 100,
      "col_617": 100,
      "col_618": 100,
      "col_619": 100,
      "col_620": 100,
      "col_621": 100,
      "col_622": 106,
      "col_623": 113,
      "col_624": 113,
      "col_625": 155,
      "col_626": 155,
      "col_627": 155,
      "col_628": 155,
      "col_629": 155,
      "col_630": 155,
      "col_631": 155,
      "col_632": 155,
      "col_633": 113,
      "col_634": 106,
      "col_635": 106,
      "col_636": 100,
      "col_637": 100,
      "col_638": 100,
      "col_639": 100,
      "col_640": 100,
      "col_641": 100,
      "col_642": 100,
      "col_643": 100,
      "col_644": 100,
      "col_645": 100,
      "col_646": 100,
      "col_647": 100,
      "col_648": 100,
      "col_649": 100,
      "col_650": 100,
      "col_651": 106,
      "col_652": 113,
      "col_653": 113,
      "col_654": 155,
      "col_655": 155,
      "col_656": 155,
      "col_657": 155,
      "col_658": 155,
      "col_659": 113,
      "col_660": 113,
      "col_661": 106,
      "col_662": 106,
      "col_663": 100,
      "col_664": 100,
      "col_665": 100,
      "col_666": 100,
      "col_667": 100,
      "col_668": 100,
      "col_669": 100,
      "col_670": 100,
      "col_671": 100,
      "col_672": 100,
      "col_673": 100,
      "col_674": 100,
      "col_675": 100,
      "col_676": 100,
      "col_677": 100,
      "col_678": 100,
      "col_679": 100,
      "col_680": 100,
      "col_681": 106,
      "col_682": 106,
      "col_683": 106,
      "col_684": 113,
      "col_685": 106,
      "col_686": 106,
      "col_687": 106,
      "col_688": 106,
      "col_689": 100,
      "col_690": 100,
      "col_691": 100,
      "col_692": 100,
      "col_693": 100,
      "col_694": 100,
      "col_695": 100,
      "col_696": 100,
      "col_697": 100,
      "col_698": 100,
      "col_699": 100,
      "col_700": 100,
      "col_701": 100,
      "col_702": 100,
      "col_703": 100,
      "col_704": 100,
      "col_705": 100,
      "col_706": 100,
      "col_707": 100,
      "col_708": 100,
      "col_709": 100,
      "col_710": 100,
      "col_711": 100,
      "col_712": 100,
      "col_713": 100,
      "col_714": 100,
      "col_715": 100,
      "col_716": 100,
      "col_717": 100,
      "col_718": 100,
      "col_719": 100,
      "col_720": 100,
      "col_721": 100,
      "col_722": 100,
      "col_723": 100,
      "col_724": 100,
      "col_725": 100,
      "col_726": 100,
      "col_727": 100,
      "col_728": 100,
      "col_729": 100,
      "col_730": 100,
      "col_731": 100,
      "col_732": 100,
      "col_733": 100,
      "col_734": 100,
      "col_735": 100,
      "col_736": 100,
      "col_737": 100,
      "col_738": 100,
      "col_739": 100,
      "col_740": 100,
      "col_741": 100,
      "col_742": 100,
      "col_743": 100,
      "col_744": 100,
      "col_745": 100,
      "col_746": 100,
      "col_747": 100,
      "col_748": 100,
      "col_749": 100,
      "col_750": 100,
      "col_751": 100,
      "col_752": 100,
      "col_753": 100,
      "col_754": 100,
      "col_755": 100,
      "col_756": 100,
      "col_757": 100,
      "col_758": 100,
      "col_759": 100,
      "col_760": 100,
      "col_761": 100,
      "col_762": 100,
      "col_763": 100,
      "col_764": 100,
      "col_765": 100,
      "col_766": 100,
      "col_767": 100,
      "col_768": 100,
      "col_769": 100,
      "col_770": 100,
      "col_771": 100,
      "col_772": 100,
      "col_773": 100,
      "col_774": 100,
      "col_775": 100,
      "col_776": 100,
      "col_777": 100,
      "col_778": 100,
      "col_779": 100,
      "col_780": 100,
      "col_781": 100,
      "col_782": 100,
      "col_783": 100
    },
    "coloring": {
      "scheme": "MEANING_AND_STATUS",
      "individualColumns": [],
      "valueColoringMode": "HASH"
    },
    "sorting": [],
    "analysisColumnData": {},
    "explorationSampling": {
      "selection": {
        "maxStoredBytes": 104857600,
        "filter": {
          "distinct": false,
          "enabled": false
        },
        "partitionSelectionMethod": "ALL",
        "latestPartitionsN": 1,
        "ordering": {
          "enabled": false,
          "rules": []
        },
        "samplingMethod": "HEAD_SEQUENTIAL",
        "maxRecords": 10,
        "targetRatio": 0.02,
        "withinFirstN": -1,
        "maxReadUncompressedBytes": -1
      },
      "autoRefreshSample": false,
      "_refreshTrigger": 2
    },
    "vizSampling": {
      "autoRefreshSample": false,
      "_refreshTrigger": 0
    },
    "exploreUIParams": {
      "autoRefresh": true
    },
    "globalSearchQuery": "",
    "explorationFilters": [],
    "previewMode": "ALL_ROWS"
  },
  "charts": []
}