{
  "type": "python",
  "neverRecomputeExistingPartitions": false,
  "optionalDependencies": false,
  "params": {
    "envSelection": {
      "envMode": "INHERIT"
    },
    "containerSelection": {
      "containerMode": "INHERIT"
    },
    "skipPrerunValidate": false
  },
  "customMeta": {
    "kv": {}
  },
  "redispatchPartitioning": false,
  "maxRunningActivities": 0,
  "inputs": {},
  "outputs": {
    "main": {
      "items": [
        {
          "ref": "champion",
          "appendMode": false
        }
      ]
    }
  },
  "versionTag": {
    "versionNumber": 15,
    "lastModifiedBy": {
      "login": "admin"
    },
    "lastModifiedOn": 1595234144146
  },
  "creationTag": {
    "versionNumber": 0,
    "lastModifiedBy": {
      "login": "admin"
    },
    "lastModifiedOn": 1594974152116
  },
  "shortDesc": "Get current champion.",
  "tags": [],
  "customFields": {},
  "checklists": {
    "checklists": []
  }
}