{
  "type": "python",
  "neverRecomputeExistingPartitions": false,
  "optionalDependencies": false,
  "params": {
    "envSelection": {
      "envMode": "INHERIT"
    },
    "containerSelection": {
      "containerMode": "INHERIT"
    },
    "skipPrerunValidate": false
  },
  "customMeta": {
    "kv": {}
  },
  "redispatchPartitioning": false,
  "maxRunningActivities": 0,
  "inputs": {
    "main": {
      "items": [
        {
          "ref": "mnist_normalised",
          "deps": []
        },
        {
          "ref": "labels_one_hot_encoding",
          "deps": []
        }
      ]
    }
  },
  "outputs": {
    "main": {
      "items": [
        {
          "ref": "sp1yqVeS",
          "appendMode": false
        }
      ]
    }
  },
  "versionTag": {
    "versionNumber": 31,
    "lastModifiedBy": {
      "login": "admin"
    },
    "lastModifiedOn": 1594901928394
  },
  "creationTag": {
    "versionNumber": 0,
    "lastModifiedBy": {
      "login": "admin"
    },
    "lastModifiedOn": 1594631419600
  },
  "shortDesc": "Initial model creation (optional).",
  "tags": [],
  "customFields": {},
  "checklists": {
    "checklists": []
  }
}